snapshot_date,order_id,source_order_ref,manual_sequence,order_created_at,due_at,manual_actual_ship_at,sku_id,sku_name,sku_spec,quantity,revenue_estimate,profit_estimate,platform_tags,manual_shortage_flag,manual_equipment_changed,notes
2026-06-08,XHS0608-001,P795...4601,1,2026-05-29 18:07:26,2026-06-05 18:07:26,,RX_WHITE_15,绒仙子白模/蓝色版本 1.0版本白模，12cm*8cm*15cm高,1.0版本白模，12cm*8cm*15cm高,1,0.20,,已改价|预售订单,false,false,订单状态=待配货
2026-06-08,XHS0608-002,P794...7801,2,2026-05-21 19:28:46,2026-05-28 19:28:46,2026-05-27 19:42:48,RX_WHITE_15,绒仙子白模打印白模 白模，12cm*8cm*15cm高,白模，12cm*8cm*15cm高,1,18.68,,预售订单,false,false,订单状态=已完成
2026-06-08,XHS0608-003,P794...3171,3,2026-05-21 20:47:32,,,RX_WHITE_10,绒仙子白模打印白模 白模，8cm*5cm*10cm高,白模，8cm*5cm*10cm高,1,0.00,,预售订单,false,false,订单状态=已取消
2026-06-08,XHS0608-004,P795...5721,4,2026-05-22 22:52:54,2026-05-29 22:52:54,2026-05-24 14:52:41,JJ_PINK_12,炫彩鸭喆手工涂装创意摆件 粉色炫彩，12cm x 12cm x 15cm,粉色炫彩，12cm x 12cm x 15cm,1,62.76,,催发货|预售订单,false,false,订单状态=已完成
2026-06-08,XHS0608-005,P794...7361,5,2026-05-19 21:37:45,2026-05-26 21:37:45,2026-05-24 14:53:57,JJ_BLACK_8,炫彩鸭喆手工涂装创意摆件 黑色炫彩，8cm x 8cm x 10cm,黑色炫彩，8cm x 8cm x 10cm,1,42.76,,预售订单,false,false,订单状态=已完成
2026-06-08,XHS0608-006,P794...6951,6,2026-05-22 12:21:51,2026-05-29 12:21:51,2026-05-28 11:40:34,RX_WHITE_10,绒仙子白模打印白模 白模，8cm*5cm*10cm高,白模，8cm*5cm*10cm高,1,12.68,,预售订单,false,false,订单状态=已完成
2026-06-08,XHS0608-007,P794...5651,7,2026-05-19 15:52:18,2026-05-26 15:52:18,2026-05-20 18:12:32,RX_WHITE_15,绒仙子白模打印白模 白模，12cm*8cm*15cm高,白模，12cm*8cm*15cm高,1,18.68,,预售订单,false,false,订单状态=已完成
2026-06-08,XHS0608-008,P795...1811,8,2026-05-29 15:43:03,2026-06-05 15:43:03,2026-05-29 18:01:15,RX_WHITE_10,绒仙子白模/蓝色版本 1.0版本白模，8cm*5cm*10cm高,1.0版本白模，8cm*5cm*10cm高,1,13.60,,预售订单,false,false,订单状态=已完成
2026-06-08,XHS0608-009,P795...1401,9,2026-05-23 16:26:43,2026-05-30 16:26:43,2026-05-28 12:04:36,RX_WHITE_15,绒仙子白模/蓝色版本 白模，12cm*8cm*15cm高,白模，12cm*8cm*15cm高,1,0.11,,已改价|预售订单,false,false,订单状态=已完成
2026-06-08,XHS0608-010,P794...0591,10,2026-05-22 05:21:58,2026-05-29 05:21:58,,DH_HAT_10_EGG,炫彩大耳帽兜桌面摆件 10cm（包含蛋）,10cm（包含蛋）,1,27.76,,预售订单,false,false,订单状态=已取消
2026-06-08,XHS0608-011,P794...0702,11,2026-05-20 14:12:02,2026-05-27 14:12:02,2026-05-24 19:33:16,LTBBG_8,雷霆粑粑干DIY摆件 8cm*5cm*8cm,8cm*5cm*8cm,1,22.68,,催发货|预售订单,false,false,订单状态=已完成
2026-06-08,XHS0608-012,P794...2191,12,2026-05-20 18:42:44,2026-05-27 18:42:44,2026-05-25 19:18:02,RX_WHITE_15,绒仙子白模打印白模 白模，12cm*8cm*15cm高,白模，12cm*8cm*15cm高,1,0.20,,已改价|预售订单,false,false,订单状态=已完成
2026-06-08,XHS0608-013,P794...5651,13,2026-05-20 12:21:06,2026-05-27 12:21:06,2026-05-25 20:41:00,RX_WHITE_10,绒仙子白模打印白模 白模，8cm*5cm*10cm高,白模，8cm*5cm*10cm高,1,12.68,,预售订单,false,false,订单状态=已完成
2026-06-08,XHS0608-014,P794...8041,14,2026-05-21 21:00:20,2026-05-28 21:00:20,,EMWOLF_10,炫彩恶魔狼桌面摆件手工手办 4cm*12cm*10cm(前10位可拍）,4cm*12cm*10cm(前10位可拍）,1,52.76,,预售订单,false,false,订单状态=已取消
2026-06-08,XHS0608-015,P794...0061,15,2026-05-19 17:04:36,2026-05-26 17:04:36,2026-05-26 13:07:06,CDFR_10,翠腚夫人桌面摆件 7cm*7cm*10cm,7cm*7cm*10cm,1,42.76,,预售订单,false,false,订单状态=已完成
2026-06-08,XHS0608-016,P794...1941,16,2026-05-21 13:14:46,2026-05-28 13:14:46,2026-05-26 13:33:24,RX_WHITE_15,绒仙子白模打印白模 白模，12cm*8cm*15cm高,白模，12cm*8cm*15cm高,1,18.68,,预售订单,false,false,订单状态=已完成
2026-06-08,XHS0608-017,P795...0491,17,2026-05-24 15:26:29,,,RX_WHITE_10,绒仙子白模/蓝色版本 白模，8cm*5cm*10cm高,白模，8cm*5cm*10cm高,1,0.00,,预售订单,false,false,订单状态=已取消
2026-06-08,XHS0608-018,P794...6261,18,2026-05-19 12:33:55,2026-05-26 12:33:55,2026-05-25 19:14:45,RX_WHITE_15,绒仙子白模打印白模 白模，12cm*8cm*15cm高,白模，12cm*8cm*15cm高，白模，12cm*8cm*15cm高,3,48.28,,预售订单,false,false,订单状态=已完成
2026-06-08,XHS0608-019,P794...9681,19,2026-05-19 18:14:49,2026-05-26 18:14:49,,RX_WHITE_10,绒仙子白模打印白模 白模，8cm*5cm*10cm高,白模，8cm*5cm*10cm高,1,12.68,,预售订单,false,false,订单状态=已取消
2026-06-08,XHS0608-020,P795...8791,20,2026-05-27 09:39:44,2026-06-03 09:39:44,2026-05-29 17:56:11,RX_WHITE_10,绒仙子白模/蓝色版本 1.0版本白模，8cm*5cm*10cm高,1.0版本白模，8cm*5cm*10cm高,1,13.60,,预售订单,false,false,订单状态=已完成
2026-06-08,XHS0608-021,P795...7201,21,2026-05-30 13:55:08,2026-06-06 13:55:08,2026-06-07 16:06:37,RX_WHITE_10,绒仙子白模/蓝色版本 2.0版本白模，更新尾巴和眼睛，8cm*5cm*10cm高,2.0版本白模，更新尾巴和眼睛，8cm*5cm*10cm高,1,15.60,,预售订单,false,false,订单状态=已发货未签收
2026-06-08,XHS0608-022,P794...5851,22,2026-05-21 23:02:12,2026-05-28 23:02:12,2026-05-25 19:22:07,RX_WHITE_10,绒仙子白模打印白模 白模，8cm*5cm*10cm高,白模，8cm*5cm*10cm高,1,12.68,,预售订单,false,false,订单状态=已完成
2026-06-08,XHS0608-023,P794...0691,23,2026-05-20 14:18:05,2026-05-27 14:18:05,2026-05-25 19:46:28,RX_WHITE_10,绒仙子白模打印白模 白模，8cm*5cm*10cm高,白模，8cm*5cm*10cm高,2,21.48,,预售订单,false,false,订单状态=已完成
2026-06-08,XHS0608-024,P795...3031,24,2026-05-27 23:11:44,2026-06-03 23:11:44,2026-05-29 17:57:20,RX_WHITE_10,绒仙子白模/蓝色版本 1.0版本白模，8cm*5cm*10cm高,1.0版本白模，8cm*5cm*10cm高,1,13.60,,预售订单,false,false,订单状态=已完成
2026-06-08,XHS0608-025,P795...3321,25,2026-05-30 19:59:46,2026-06-06 19:59:46,2026-06-04 09:33:29,EMD_FIGURE_KEY_BLACK,3D打印手工涂装手搓恶魔叮彩色小摆件钥匙扣 黑色,黑色,1,27.02,,预售订单,false,false,订单状态=已签收
2026-06-08,XHS0608-026,P795...8511,26,2026-05-27 13:33:33,2026-06-03 13:33:33,2026-06-06 22:31:03,RX_WHITE_10,绒仙子白模/蓝色版本 2.0版本白模，更新尾巴和眼睛，8cm*5cm*10cm高,2.0版本白模，更新尾巴和眼睛，8cm*5cm*10cm高,1,15.60,,缺货|预售订单,true,false,订单状态=已发货未签收
2026-06-08,XHS0608-027,P795...1011,27,2026-06-01 20:20:31,2026-06-08 20:20:31,,RX_WHITE_15,绒仙子白模/蓝色版本 1.0版本白模，12cm*8cm*15cm高,1.0版本白模，12cm*8cm*15cm高,1,19.60,,预售订单,false,false,订单状态=待配货
2026-06-08,XHS0608-028,P794...4411,28,2026-05-20 00:32:37,,,RX_WHITE_10,绒仙子白模打印白模 白模，8cm*5cm*10cm高,白模，8cm*5cm*10cm高,1,0.00,,预售订单,false,false,订单状态=已取消
2026-06-08,XHS0608-029,P794...5921,29,2026-05-19 11:43:56,2026-05-26 11:43:56,2026-05-21 13:23:43,RX_WHITE_10,绒仙子白模打印白模 白模，8cm*5cm*10cm高,白模，8cm*5cm*10cm高,1,12.68,,预售订单,false,false,订单状态=已完成
2026-06-08,XHS0608-030,P795...4921,30,2026-05-25 14:17:03,2026-06-01 14:17:03,,JJ_BLACK_8,炫彩鸭喆手工涂装创意摆件 黑色炫彩，8cm x 8cm x 10cm,黑色炫彩，8cm x 8cm x 10cm,1,43.68,,预售订单,false,false,订单状态=已取消
2026-06-08,XHS0608-031,P794...8551,31,2026-05-21 15:47:45,2026-05-28 15:47:45,2026-05-26 13:34:05,RX_WHITE_15,绒仙子白模打印白模 白模，12cm*8cm*15cm高,白模，12cm*8cm*15cm高,1,18.68,,预售订单,false,false,订单状态=已完成
2026-06-08,XHS0608-032,P794...4241,32,2026-05-21 09:55:38,2026-05-28 09:55:38,2026-05-27 19:43:28,RX_WHITE_15,绒仙子白模打印白模 白模，12cm*8cm*15cm高,白模，12cm*8cm*15cm高,1,18.68,,预售订单,false,false,订单状态=已完成
2026-06-08,XHS0608-033,P794...1251,33,2026-05-20 10:36:01,2026-05-27 10:36:01,2026-05-25 20:14:20,RX_WHITE_15,绒仙子白模打印白模 白模，12cm*8cm*15cm高,白模，12cm*8cm*15cm高,1,18.68,,预售订单,false,false,订单状态=已完成
2026-06-08,XHS0608-034,P795...3461,34,2026-05-28 18:14:53,,,EMD_FIGURE_KEY_BLACK,3D打印手工涂装手搓恶魔叮彩色小摆件钥匙扣 黑色,黑色,1,0.00,,预售订单,false,false,订单状态=已取消
2026-06-08,XHS0608-035,P795...3181,35,2026-05-29 23:07:32,2026-06-05 23:07:32,,RX_WHITE_10,绒仙子白模/蓝色版本 1.0版本白模，8cm*5cm*10cm高,1.0版本白模，8cm*5cm*10cm高,1,13.60,,预售订单,false,false,订单状态=已取消
2026-06-08,XHS0608-036,P794...4201,36,2026-05-20 04:28:25,2026-05-27 04:28:25,2026-05-21 13:24:45,RX_WHITE_15,绒仙子白模打印白模 白模，12cm*8cm*15cm高,白模，12cm*8cm*15cm高,1,18.68,,预售订单,false,false,订单状态=已完成
2026-06-08,XHS0608-037,P795...0111,37,2026-05-24 10:38:06,2026-05-31 10:38:06,2026-05-28 12:14:37,RX_WHITE_10,绒仙子白模/蓝色版本 白模，8cm*5cm*10cm高,白模，8cm*5cm*10cm高,1,13.60,,预售订单,false,false,订单状态=已完成
2026-06-08,XHS0608-038,P794...0111,38,2026-05-22 03:51:17,,,DH_HAT_10_EGG,炫彩大耳帽兜桌面摆件 10cm（包含蛋）,10cm（包含蛋）,1,0.00,,预售订单,false,false,订单状态=已取消
2026-06-08,XHS0608-039,P795...0951,39,2026-05-27 16:28:43,2026-06-03 16:28:43,2026-06-06 22:31:17,RX_WHITE_10,绒仙子白模/蓝色版本 2.0版本白模，更新尾巴和眼睛，8cm*5cm*10cm高,2.0版本白模，更新尾巴和眼睛，8cm*5cm*10cm高,1,15.60,,催发货|缺货|预售订单,true,false,订单状态=已发货未签收
2026-06-08,XHS0608-040,P794...2871,40,2026-05-20 21:33:36,2026-05-27 21:33:36,2026-05-26 13:32:36,RX_WHITE_15,绒仙子白模打印白模 白模，12cm*8cm*15cm高,白模，12cm*8cm*15cm高,1,18.68,,预售订单,false,false,订单状态=已完成
2026-06-08,XHS0608-041,P794...0961,41,2026-05-22 16:43:42,2026-05-29 16:43:42,2026-05-25 20:46:44,RX_WHITE_10,绒仙子白模打印白模 白模，8cm*5cm*10cm高,白模，8cm*5cm*10cm高,1,12.68,,预售订单,false,false,订单状态=已完成
2026-06-08,XHS0608-042,P795...3951,42,2026-05-23 20:12:12,2026-05-30 20:12:12,2026-05-28 11:42:08,RX_WHITE_15,绒仙子白模/蓝色版本 白模，12cm*8cm*15cm高,白模，12cm*8cm*15cm高,1,19.60,,预售订单,false,false,订单状态=已完成
2026-06-08,XHS0608-043,P794...3531,43,2026-05-20 19:34:40,2026-05-27 19:34:40,2026-05-25 19:47:29,RX_WHITE_10,绒仙子白模打印白模 白模，8cm*5cm*10cm高,白模，8cm*5cm*10cm高,1,12.68,,预售订单,false,false,订单状态=已完成
2026-06-08,XHS0608-044,P794...2701,44,2026-05-20 23:30:11,2026-05-27 23:30:11,2026-05-25 19:50:12,RX_WHITE_10,绒仙子白模打印白模 白模，8cm*5cm*10cm高,白模，8cm*5cm*10cm高,1,12.68,,预售订单,false,false,订单状态=已完成
2026-06-08,XHS0608-045,P796...5871,45,2026-06-08 11:12:54,2026-06-15 11:12:54,,RX_WHITE_10,绒仙子白模/蓝色版本 1.0版本白模，8cm*5cm*10cm高,1.0版本白模，8cm*5cm*10cm高,1,11.60,,预售订单,false,false,订单状态=待配货
2026-06-08,XHS0608-046,P795...9812,46,2026-05-30 11:08:16,2026-06-06 11:08:16,,RX_WHITE_10,绒仙子白模/蓝色版本 1.0版本白模，8cm*5cm*10cm高,1.0版本白模，8cm*5cm*10cm高,1,13.60,,预售订单,false,false,订单状态=待配货
2026-06-08,XHS0608-047,P794...3211,47,2026-05-20 19:57:32,2026-05-27 19:57:32,2026-05-25 19:18:46,RX_WHITE_15,绒仙子白模打印白模 白模，12cm*8cm*15cm高,白模，12cm*8cm*15cm高,1,18.68,,预售订单,false,false,订单状态=已完成
2026-06-08,XHS0608-048,P794...3141,48,2026-05-21 00:32:16,2026-05-28 00:32:16,2026-05-25 19:20:01,RX_WHITE_10,绒仙子白模打印白模 白模，8cm*5cm*10cm高,白模，8cm*5cm*10cm高,1,12.68,,预售订单,false,false,订单状态=已完成
2026-06-08,XHS0608-049,P794...2731,49,2026-05-21 00:52:01,2026-05-28 00:52:01,2026-05-27 19:44:22,RX_WHITE_15,绒仙子白模打印白模 白模，12cm*8cm*15cm高,白模，12cm*8cm*15cm高,1,18.68,,预售订单,false,false,订单状态=已完成
2026-06-08,XHS0608-050,P795...0131,50,2026-05-24 15:27:12,2026-05-31 15:27:12,2026-05-29 17:53:10,RX_WHITE_15,绒仙子白模/蓝色版本 白模，12cm*8cm*15cm高,白模，12cm*8cm*15cm高,1,19.60,,催发货|预售订单,false,false,订单状态=已完成
2026-06-08,XHS0608-051,P794...8931,51,2026-05-22 00:10:27,2026-05-29 00:10:27,2026-05-28 11:46:55,RX_WHITE_10,绒仙子白模打印白模 白模，8cm*5cm*10cm高,白模，8cm*5cm*10cm高,2,21.48,,预售订单,false,false,订单状态=已完成
2026-06-08,XHS0608-052,P794...7661,52,2026-05-20 18:34:18,2026-05-27 18:34:18,2026-05-25 19:17:25,RX_WHITE_10,绒仙子白模打印白模 白模，8cm*5cm*10cm高,白模，8cm*5cm*10cm高,1,12.68,,预售订单,false,false,订单状态=已完成
2026-06-08,XHS0608-053,P795...0331,53,2026-05-24 18:38:09,2026-05-31 18:38:09,2026-05-29 17:55:13,RX_WHITE_15,绒仙子白模/蓝色版本 白模，12cm*8cm*15cm高,白模，12cm*8cm*15cm高,1,0.20,,已改价|预售订单,false,false,订单状态=已完成
2026-06-08,XHS0608-054,P794...5471,54,2026-05-20 18:39:13,,,RX_WHITE_15,绒仙子白模打印白模 白模，12cm*8cm*15cm高,白模，12cm*8cm*15cm高,1,0.00,,已改价|预售订单,false,false,订单状态=已取消
2026-06-08,XHS0608-055,P795...9561,55,2026-05-22 23:20:15,2026-05-29 23:20:15,2026-05-28 11:41:20,RX_WHITE_10,绒仙子白模打印白模 白模，8cm*5cm*10cm高,白模，8cm*5cm*10cm高,1,12.68,,预售订单,false,false,订单状态=已完成
2026-06-08,XHS0608-056,P795...3981,56,2026-06-01 17:09:49,2026-06-08 17:09:49,,RX_WHITE_15,绒仙子白模/蓝色版本 1.0版本白模，12cm*8cm*15cm高,1.0版本白模，12cm*8cm*15cm高,1,19.60,,预售订单,false,false,订单状态=待配货
2026-06-08,XHS0608-057,P794...4341,57,2026-05-21 09:56:17,2026-05-28 09:56:17,2026-05-27 19:43:28,DH_HAT_10_NO_EGG,炫彩大耳帽兜桌面摆件 10cm（不包含蛋）,10cm（不包含蛋）,1,22.76,,预售订单,false,false,订单状态=已完成
2026-06-08,XHS0608-058,P795...4321,58,2026-05-23 10:57:50,2026-05-30 10:57:50,2026-05-28 12:02:03,RX_WHITE_10,绒仙子白模打印白模 白模，8cm*5cm*10cm高,白模，8cm*5cm*10cm高,1,12.68,,预售订单,false,false,订单状态=已完成
2026-06-08,XHS0608-059,P794...6791,59,2026-05-19 16:09:41,2026-05-26 16:09:41,2026-05-20 18:12:55,RX_WHITE_15,绒仙子白模打印白模 白模，12cm*8cm*15cm高,白模，12cm*8cm*15cm高,1,18.68,,预售订单,false,false,订单状态=已完成
2026-06-08,XHS0608-060,P794...0901,60,2026-05-19 16:57:00,,,CDFR_10,翠腚夫人桌面摆件 7cm*7cm*10cm,7cm*7cm*10cm,1,0.00,,预售订单,false,false,订单状态=已取消
2026-06-08,XHS0608-061,P794...5151,61,2026-05-21 18:19:16,2026-05-28 18:19:16,2026-05-27 19:43:18,RX_WHITE_15,绒仙子白模打印白模 白模，12cm*8cm*15cm高,白模，12cm*8cm*15cm高,1,18.68,,预售订单,false,false,订单状态=已完成
2026-06-08,XHS0608-062,P794...8511,62,2026-05-20 16:35:30,2026-05-27 16:35:30,2026-05-25 19:16:47,RX_WHITE_15,绒仙子白模打印白模 白模，12cm*8cm*15cm高,白模，12cm*8cm*15cm高,1,18.68,,预售订单,false,false,订单状态=已完成
2026-06-08,XHS0608-063,P795...9292,63,2026-05-25 13:58:23,2026-06-01 13:58:23,2026-05-29 17:55:26,RX_WHITE_10,绒仙子白模/蓝色版本 白模，8cm*5cm*10cm高,白模，8cm*5cm*10cm高,1,13.60,,预售订单,false,false,订单状态=已完成
2026-06-08,XHS0608-064,P795...6431,64,2026-05-25 15:32:49,2026-06-01 15:32:49,2026-05-29 17:55:39,RX_WHITE_15,绒仙子白模/蓝色版本 白模，12cm*8cm*15cm高,白模，12cm*8cm*15cm高,1,19.60,,预售订单,false,false,订单状态=已完成
2026-06-08,XHS0608-065,P794...4001,65,2026-05-21 21:54:41,2026-05-28 21:54:41,2026-05-28 11:37:53,RX_WHITE_15,绒仙子白模打印白模 白模，12cm*8cm*15cm高,白模，12cm*8cm*15cm高,1,18.68,,预售订单,false,false,订单状态=已完成
2026-06-08,XHS0608-066,P794...0801,66,2026-05-19 13:48:08,2026-05-26 13:48:08,2026-05-25 19:15:35,RX_WHITE_15,绒仙子白模打印白模 白模，12cm*8cm*15cm高,白模，12cm*8cm*15cm高,2,33.48,,预售订单,false,false,订单状态=已完成
2026-06-08,XHS0608-067,P796...3537,67,2026-06-07 14:25:08,2026-06-14 14:25:08,,JJ_BLACK_8,炫彩鸭喆手工涂装创意摆件 黑色炫彩，8cm x 8cm x 10cm,黑色炫彩，8cm x 8cm x 10cm,1,41.68,,预售订单,false,false,订单状态=待配货
2026-06-08,XHS0608-068,P794...0181,68,2026-05-20 15:49:55,2026-05-27 15:49:55,2026-05-25 19:45:10,RX_WHITE_10,绒仙子白模打印白模 白模，8cm*5cm*10cm高,白模，8cm*5cm*10cm高,1,12.68,,预售订单,false,false,订单状态=已完成
2026-06-08,XHS0608-069,P794...2051,69,2026-05-21 22:43:47,2026-05-28 22:43:47,,RX_WHITE_10,绒仙子白模打印白模 白模，8cm*5cm*10cm高,白模，8cm*5cm*10cm高,2,21.48,,预售订单,false,false,订单状态=已取消
2026-06-08,XHS0608-070,P795...0071,70,2026-05-24 10:36:41,,,RX_WHITE_10,绒仙子白模/蓝色版本 白模，8cm*5cm*10cm高,白模，8cm*5cm*10cm高,1,0.00,,预售订单,false,false,订单状态=已取消
2026-06-08,XHS0608-071,P794...6971,71,2026-05-21 23:24:17,2026-05-28 23:24:17,2026-05-25 19:22:30,RX_WHITE_10,绒仙子白模打印白模 白模，8cm*5cm*10cm高,白模，8cm*5cm*10cm高,1,12.68,,预售订单,false,false,订单状态=已完成
2026-06-08,XHS0608-072,P795...7111,72,2026-05-23 19:29:00,,,RX_WHITE_10,绒仙子白模/蓝色版本 白模，8cm*5cm*10cm高,白模，8cm*5cm*10cm高,1,0.00,,预售订单,false,false,订单状态=已取消
2026-06-08,XHS0608-073,P794...3211,73,2026-05-22 11:43:42,2026-05-29 11:43:42,2026-05-28 11:56:50,RX_WHITE_10,绒仙子白模打印白模 白模，8cm*5cm*10cm高,白模，8cm*5cm*10cm高，白模，8cm*5cm*10cm高,3,30.28,,预售订单,false,false,订单状态=已完成
2026-06-08,XHS0608-074,P794...9491,74,2026-05-22 09:29:32,2026-05-29 09:29:32,2026-05-25 19:23:24,RX_WHITE_10,绒仙子白模打印白模 白模，8cm*5cm*10cm高,白模，8cm*5cm*10cm高,1,12.68,,预售订单,false,false,订单状态=已完成
2026-06-08,XHS0608-075,P795...6811,75,2026-05-25 23:29:07,2026-06-01 23:29:07,2026-06-06 22:30:27,RX_WHITE_15,绒仙子白模/蓝色版本 2.0版本白模，更新尾巴和眼睛，12cm*8cm*15cm高,2.0版本白模，更新尾巴和眼睛，12cm*8cm*15cm高,2,38.40,,缺货|预售订单,true,false,订单状态=已发货未签收
2026-06-08,XHS0608-076,P794...6311,76,2026-05-20 20:21:00,2026-05-27 20:21:00,2026-05-25 20:43:05,RX_WHITE_15,绒仙子白模打印白模 白模，12cm*8cm*15cm高,白模，12cm*8cm*15cm高,1,18.68,,预售订单,false,false,订单状态=已完成
2026-06-08,XHS0608-077,P794...6451,77,2026-05-21 20:29:54,,,RX_WHITE_10,绒仙子白模打印白模 白模，8cm*5cm*10cm高,白模，8cm*5cm*10cm高,1,0.00,,预售订单,false,false,订单状态=已取消
2026-06-08,XHS0608-078,P795...2421,78,2026-05-26 15:35:01,2026-06-02 15:35:01,2026-05-29 17:55:54,JJ_GREEN_8,炫彩鸭喆手工涂装创意摆件 青色炫彩，8cm x 8cm x 10cm,青色炫彩，8cm x 8cm x 10cm,1,41.77,,预售订单,false,false,订单状态=已完成
2026-06-08,XHS0608-079,P794...3801,79,2026-05-22 10:47:53,2026-05-29 10:47:53,2026-05-25 19:23:55,RX_WHITE_10,绒仙子白模打印白模 白模，8cm*5cm*10cm高,白模，8cm*5cm*10cm高,1,12.68,,预售订单,false,false,订单状态=已完成
2026-06-08,XHS0608-080,P795...2422,80,2026-05-26 15:35:01,2026-06-02 15:35:01,2026-05-29 17:55:54,DH_HAT_10_EGG,炫彩大耳帽兜桌面摆件 10cm（包含蛋）,10cm（包含蛋）,1,27.79,,预售订单,false,false,订单状态=已完成
2026-06-08,XHS0608-081,P795...0521,81,2026-05-29 22:35:52,2026-06-05 22:35:52,,RX_WHITE_10,绒仙子白模/蓝色版本 1.0版本白模，8cm*5cm*10cm高,1.0版本白模，8cm*5cm*10cm高,1,13.60,,预售订单,false,false,订单状态=待配货
2026-06-08,XHS0608-082,P794...3461,82,2026-05-19 12:06:47,2026-05-26 12:06:47,2026-05-25 19:14:12,RX_WHITE_10,绒仙子白模打印白模 白模，8cm*5cm*10cm高,白模，8cm*5cm*10cm高,2,21.48,,预售订单,false,false,订单状态=已完成
2026-06-08,XHS0608-083,P794...1901,83,2026-05-20 04:26:28,2026-05-27 04:26:28,2026-05-21 13:24:20,RX_WHITE_10,绒仙子白模打印白模 白模，8cm*5cm*10cm高,白模，8cm*5cm*10cm高,1,12.68,,预售订单,false,false,订单状态=已完成
2026-06-08,XHS0608-084,P795...4761,84,2026-05-29 18:01:16,,,RX_WHITE_15,绒仙子白模/蓝色版本 1.0版本白模，12cm*8cm*15cm高,1.0版本白模，12cm*8cm*15cm高,1,0.00,,预售订单,false,false,订单状态=已取消
2026-06-08,XHS0608-085,P794...6191,85,2026-05-21 17:52:37,2026-05-28 17:52:37,2026-05-25 19:20:54,RX_WHITE_10,绒仙子白模打印白模 白模，8cm*5cm*10cm高,白模，8cm*5cm*10cm高,1,12.68,,预售订单,false,false,订单状态=已完成
2026-06-08,XHS0608-086,P795...5671,86,2026-05-25 20:41:04,2026-06-01 20:41:04,,JJ_YELLOW_6,炫彩鸭喆手工涂装创意摆件 黄色原皮，6cm x 6cm x 8cm,黄色原皮，6cm x 6cm x 8cm,1,33.68,,预售订单,false,false,订单状态=已取消
2026-06-08,XHS0608-087,P795...4651,87,2026-05-26 23:20:15,,,JJ_WHITE_8,炫彩鸭喆手工涂装创意摆件 白模，8cm x 8cm x 10cm,白模，8cm x 8cm x 10cm,1,0.00,,预售订单,false,false,订单状态=已取消
2026-06-08,XHS0608-088,P794...9291,88,2026-05-20 20:19:58,2026-05-27 20:19:58,2026-05-25 19:19:14,RX_WHITE_10,绒仙子白模打印白模 白模，8cm*5cm*10cm高,白模，8cm*5cm*10cm高,1,12.68,,预售订单,false,false,订单状态=已完成
2026-06-08,XHS0608-089,P795...7921,89,2026-05-23 18:16:11,2026-05-30 18:16:11,2026-05-26 13:35:03,RX_WHITE_15,绒仙子白模/蓝色版本 白模，12cm*8cm*15cm高,白模，12cm*8cm*15cm高,2,34.40,,预售订单,false,false,订单状态=已完成
2026-06-08,XHS0608-090,P795...5531,90,2026-06-02 22:48:02,2026-06-09 22:48:02,2026-06-02 22:49:20,RX_WHITE_15,绒仙子白模/蓝色版本 2.0版本白模，更新尾巴和眼睛，12cm*8cm*15cm高,2.0版本白模，更新尾巴和眼睛，12cm*8cm*15cm高,1,21.60,,已改地址|预售订单,false,false,订单状态=已发货未签收
2026-06-08,XHS0608-091,P794...1571,91,2026-05-20 20:50:29,2026-05-27 20:50:29,2026-05-25 20:44:27,RX_WHITE_15,绒仙子白模打印白模 白模，12cm*8cm*15cm高,白模，12cm*8cm*15cm高,1,18.68,,预售订单,false,false,订单状态=已完成
2026-06-08,XHS0608-092,P795...9071,92,2026-05-23 09:59:33,,,RX_WHITE_10,绒仙子白模打印白模 白模，8cm*5cm*10cm高,白模，8cm*5cm*10cm高,1,0.00,,预售订单,false,false,订单状态=已取消
2026-06-08,XHS0608-093,P794...5081,93,2026-05-21 22:34:10,2026-05-28 22:34:10,2026-05-28 11:38:16,RX_WHITE_15,绒仙子白模打印白模 白模，12cm*8cm*15cm高,白模，12cm*8cm*15cm高,1,18.68,,预售订单,false,false,订单状态=已完成
2026-06-08,XHS0608-094,P794...5071,94,2026-05-21 21:32:07,2026-05-28 21:32:07,2026-05-28 11:37:32,RX_WHITE_15,绒仙子白模打印白模 白模，12cm*8cm*15cm高,白模，12cm*8cm*15cm高,1,18.68,,预售订单,false,false,订单状态=已完成
2026-06-08,XHS0608-095,P795...5001,95,2026-05-29 09:28:10,2026-06-05 09:28:10,2026-06-06 22:31:38,JJ_BLACK_8,炫彩鸭喆手工涂装创意摆件 黑色炫彩，8cm x 8cm x 10cm,黑色炫彩，8cm x 8cm x 10cm,1,43.68,,催发货|预售订单,false,false,订单状态=已发货未签收
2026-06-08,XHS0608-096,P794...4001,96,2026-05-22 02:03:09,2026-05-29 02:03:09,2026-05-25 19:55:16,RX_WHITE_10,绒仙子白模打印白模 白模，8cm*5cm*10cm高,白模，8cm*5cm*10cm高,1,12.68,,预售订单,false,false,订单状态=已完成
2026-06-08,XHS0608-097,P794...4031,97,2026-05-19 19:26:09,2026-05-26 19:26:09,,RX_WHITE_10,绒仙子白模打印白模 白模，8cm*5cm*10cm高,白模，8cm*5cm*10cm高,1,12.68,,预售订单,false,false,订单状态=已取消
2026-06-08,XHS0608-098,P795...8671,98,2026-05-27 22:38:09,2026-06-03 22:38:09,2026-06-03 21:02:30,EMD_FIGURE_KEY_BLACK,3D打印手工涂装手搓恶魔叮彩色小摆件钥匙扣 黑色,黑色,1,27.02,,预售订单,false,false,订单状态=已完成
2026-06-08,XHS0608-099,P794...3451,99,2026-05-20 19:49:03,2026-05-27 19:49:03,2026-05-25 19:18:46,RX_WHITE_10,绒仙子白模打印白模 白模，8cm*5cm*10cm高,白模，8cm*5cm*10cm高,1,10.68,,预售订单,false,false,订单状态=已完成
2026-06-08,XHS0608-100,P795...6761,100,2026-05-23 23:09:56,2026-05-30 23:09:56,2026-05-28 12:11:19,JJ_YELLOW_12,炫彩鸭喆手工涂装创意摆件 黄色原皮，12cm x 12cm x 15cm,黄色原皮，12cm x 12cm x 15cm,1,53.68,,已改地址|预售订单,false,false,订单状态=已完成
2026-06-08,XHS0608-101,P792...4481,101,2026-04-21 11:44:42,2026-04-28 11:44:42,2026-05-03 20:11:24,JJ_PINK_12,炫彩鸭吉吉手工涂装创意摆件 粉色炫彩，12cm x 12cm x 15cm,粉色炫彩，12cm x 12cm x 15cm,1,58.88,,缺货|预售订单,true,false,订单状态=已完成
2026-06-08,XHS0608-102,P794...0701,102,2026-05-11 12:14:27,2026-05-18 12:14:27,2026-05-12 21:54:12,JJ_BLACK_8,炫彩鸭吉吉手工涂装创意摆件 黑色炫彩，8cm x 8cm x 10cm,黑色炫彩，8cm x 8cm x 10cm,1,40.76,,预售订单,false,false,订单状态=已完成
2026-06-08,XHS0608-103,P794...8071,103,2026-05-15 01:31:11,2026-05-22 01:31:11,2026-05-16 21:27:07,EMD_FIGURE_KEY_BLACK,3D打印手工涂装手搓恶魔叮彩色小摆件钥匙扣 黑色,黑色,1,24.10,,预售订单,false,false,订单状态=已完成
2026-06-08,XHS0608-104,P792...2881,104,2026-04-21 19:34:12,2026-04-28 19:34:12,,JJ_BLACK_8,炫彩鸭吉吉手工涂装创意摆件 黑色炫彩，8cm x 8cm x 10cm,黑色炫彩，8cm x 8cm x 10cm,1,38.88,,预售订单,false,false,订单状态=已取消
2026-06-08,XHS0608-105,P792...4191,105,2026-04-20 18:10:36,2026-04-27 18:10:36,,JJ_BLACK_8,炫彩鸭吉吉手工涂装创意摆件 黑色炫彩，8cm x 8cm x 10cm,黑色炫彩，8cm x 8cm x 10cm,1,38.88,,预售订单,false,false,订单状态=已取消
2026-06-08,XHS0608-106,P792...5571,106,2026-04-21 11:02:32,2026-04-28 11:02:32,,JJ_YELLOW_6,炫彩鸭吉吉手工涂装创意摆件 黄色原皮，6cm x 6cm x 8cm,黄色原皮，6cm x 6cm x 8cm,2,57.76,,预售订单,false,false,订单状态=已取消
2026-06-08,XHS0608-107,P793...9551,107,2026-04-30 11:24:04,2026-05-07 11:24:04,2026-05-07 09:17:02,JJ_BLACK_8,炫彩鸭吉吉手工涂装创意摆件 黑色炫彩，8cm x 8cm x 10cm,黑色炫彩，8cm x 8cm x 10cm,1,38.88,,预售订单,false,false,订单状态=已完成
2026-06-08,XHS0608-108,P793...9551,108,2026-04-30 11:24:04,2026-05-07 11:24:04,2026-05-07 09:17:02,JJ_YELLOW_6,炫彩鸭吉吉手工涂装创意摆件 黄色原皮，6cm x 6cm x 8cm,黄色原皮，6cm x 6cm x 8cm,1,28.88,,预售订单,false,false,订单状态=已完成
2026-06-08,XHS0608-109,P794...5371,109,2026-05-19 11:04:13,,,RX_WHITE_15,绒仙子白模打印白模 白模，12cm*8cm*15cm高,白模，12cm*8cm*15cm高,1,0.00,,预售订单,false,false,订单状态=已取消
2026-06-08,XHS0608-110,P792...7801,110,2026-04-21 17:06:22,2026-04-28 17:06:22,2026-04-28 15:04:27,JJ_BLACK_8,炫彩鸭吉吉手工涂装创意摆件 黑色炫彩，8cm x 8cm x 10cm,黑色炫彩，8cm x 8cm x 10cm,1,38.88,,预售订单,false,false,订单状态=已完成
2026-06-08,XHS0608-111,P792...3141,111,2026-04-21 12:48:44,2026-04-28 12:48:44,2026-04-24 21:32:33,JJ_BLACK_8,炫彩鸭吉吉手工涂装创意摆件 黑色炫彩，8cm x 8cm x 10cm,黑色炫彩，8cm x 8cm x 10cm,1,38.88,,预售订单,false,false,订单状态=已完成
2026-06-08,XHS0608-112,P792...4371,112,2026-04-21 11:42:48,2026-04-28 11:42:48,,JJ_BLACK_8,炫彩鸭吉吉手工涂装创意摆件 黑色炫彩，8cm x 8cm x 10cm,黑色炫彩，8cm x 8cm x 10cm,1,38.88,,预售订单,false,false,订单状态=已取消
2026-06-08,XHS0608-113,P792...0181,113,2026-04-20 01:19:33,2026-04-27 01:19:33,2026-04-24 21:31:38,JJ_PINK_8,炫彩鸭吉吉手工涂装创意摆件 粉色炫彩，8cm x 8cm x 10cm,粉色炫彩，8cm x 8cm x 10cm,1,38.88,,预售订单,false,false,订单状态=已完成
2026-06-08,XHS0608-114,P794...8681,114,2026-05-18 20:54:18,2026-05-20 20:54:18,2026-05-20 18:25:50,RX_WHITE_10,绒仙子白模打印白模 白模，8cm*5cm*10cm高,白模，8cm*5cm*10cm高,1,12.68,,现货订单,false,false,订单状态=已完成
2026-06-08,XHS0608-115,P794...4251,115,2026-05-15 00:19:33,2026-05-22 00:19:33,2026-05-17 17:38:02,JJ_BLACK_8,炫彩鸭喆手工涂装创意摆件 黑色炫彩，8cm x 8cm x 10cm,黑色炫彩，8cm x 8cm x 10cm,1,40.76,,预售订单,false,false,订单状态=已完成
2026-06-08,XHS0608-116,P794...9761,116,2026-05-16 14:26:05,2026-05-23 14:26:05,2026-05-17 21:45:29,JJ_BLACK_8,炫彩鸭喆手工涂装创意摆件 黑色炫彩，8cm x 8cm x 10cm,黑色炫彩，8cm x 8cm x 10cm,1,40.76,,预售订单,false,false,订单状态=已完成
2026-06-08,XHS0608-117,P792...7491,117,2026-04-23 16:51:08,2026-05-05 23:59:59,2026-05-05 16:23:01,JJ_BLACK_12,炫彩鸭吉吉手工涂装创意摆件 黑色炫彩，12cm x 12cm x 15cm,黑色炫彩，12cm x 12cm x 15cm,1,58.88,,协商发货|预售订单,false,false,订单状态=已完成
2026-06-08,XHS0608-118,P792...3581,118,2026-04-21 17:10:03,2026-04-28 17:10:03,2026-04-28 15:57:12,JJ_YELLOW_6,炫彩鸭吉吉手工涂装创意摆件 黄色原皮，6cm x 6cm x 8cm,黄色原皮，6cm x 6cm x 8cm,2,57.76,,预售订单,false,false,订单状态=已完成
2026-06-08,XHS0608-119,P792...5241,119,2026-04-20 09:45:58,2026-04-27 09:45:58,2026-04-27 09:04:07,JJ_YELLOW_12,炫彩鸭吉吉手工涂装创意摆件 黄色原皮，12cm x 12cm x 15cm,黄色原皮，12cm x 12cm x 15cm,1,48.88,,预售订单,false,false,订单状态=已完成
2026-06-08,XHS0608-120,P792...2081,120,2026-04-21 22:05:14,2026-04-28 22:05:14,2026-04-27 14:49:57,JJ_YELLOW_12,炫彩鸭吉吉手工涂装创意摆件 黄色原皮，12cm x 12cm x 15cm,黄色原皮，12cm x 12cm x 15cm,1,48.88,,预售订单,false,false,订单状态=已完成
2026-06-08,XHS0608-121,P792...8601,121,2026-04-20 14:41:50,2026-04-27 14:41:50,2026-04-24 21:27:27,JJ_YELLOW_6,炫彩鸭吉吉手工涂装创意摆件 黄色原皮，6cm x 6cm x 8cm,黄色原皮，6cm x 6cm x 8cm,1,28.88,,催发货|预售订单,false,false,订单状态=已完成
2026-06-08,XHS0608-122,P794...0271,122,2026-05-15 17:56:36,2026-05-22 17:56:36,2026-05-17 17:41:08,JJ_PINK_8,炫彩鸭喆手工涂装创意摆件 粉色炫彩，8cm x 8cm x 10cm,粉色炫彩，8cm x 8cm x 10cm,1,40.76,,催发货|预售订单,false,false,订单状态=已完成
2026-06-08,XHS0608-123,P793...5751,123,2026-05-08 20:24:03,2026-05-15 20:24:03,2026-05-12 21:47:39,EMD_KEY_BLACK,恶魔叮彩色编织绳钥匙扣 黑色,黑色,1,22.76,,已改地址|预售订单,false,false,订单状态=已完成
2026-06-08,XHS0608-124,P792...6471,124,2026-04-27 19:07:38,2026-05-04 19:07:38,2026-05-04 13:34:41,DH_HAT_15_EGG,炫彩大耳帽兜桌面摆件 15cm高（包含蛋）,15cm高（包含蛋）,1,18.88,,预售订单,false,false,订单状态=已完成
2026-06-08,XHS0608-125,P792...9091,125,2026-04-27 13:50:30,2026-05-07 23:59:59,2026-05-06 06:56:59,JJ_PINK_8,炫彩鸭吉吉手工涂装创意摆件 粉色炫彩，8cm x 8cm x 10cm,粉色炫彩，8cm x 8cm x 10cm,1,38.88,,催发货|协商发货|预售订单,false,false,订单状态=已完成
2026-06-08,XHS0608-126,P792...9091,126,2026-04-27 13:50:30,2026-05-07 23:59:59,2026-05-06 06:56:59,JJ_BLACK_12,炫彩鸭吉吉手工涂装创意摆件 黑色炫彩，12cm x 12cm x 15cm,黑色炫彩，12cm x 12cm x 15cm,1,58.88,,催发货|协商发货|预售订单,false,false,订单状态=已完成
2026-06-08,XHS0608-127,P793...5591,127,2026-05-07 07:56:04,2026-05-14 07:56:04,2026-05-08 14:41:20,DH_HAT_10_NO_EGG,炫彩大耳帽兜桌面摆件 10cm（不包含蛋）,10cm（不包含蛋）,1,19.76,,预售订单,false,false,订单状态=已完成
2026-06-08,XHS0608-128,P792...9451,128,2026-04-26 18:16:05,2026-05-03 18:16:05,2026-04-29 05:10:41,JJ_BLACK_8,炫彩鸭吉吉手工涂装创意摆件 黑色炫彩，8cm x 8cm x 10cm,黑色炫彩，8cm x 8cm x 10cm,1,38.88,,预售订单,false,false,订单状态=已完成
2026-06-08,XHS0608-129,P792...8911,129,2026-04-21 18:15:27,2026-04-28 18:15:27,2026-04-28 11:37:09,JJ_YELLOW_6,炫彩鸭吉吉手工涂装创意摆件 黄色原皮，6cm x 6cm x 8cm,黄色原皮，6cm x 6cm x 8cm,1,28.88,,预售订单,false,false,订单状态=已完成
2026-06-08,XHS0608-130,P793...5021,130,2026-05-05 22:17:03,2026-05-12 22:17:03,2026-05-07 09:07:22,JJ_GREEN_8,炫彩鸭吉吉手工涂装创意摆件 绿色炫彩，8cm x 8cm x 10cm,绿色炫彩，8cm x 8cm x 10cm,1,42.76,,预售订单,false,false,订单状态=已完成
2026-06-08,XHS0608-131,P792...8961,131,2026-04-21 20:11:21,2026-04-28 20:11:21,2026-04-28 11:38:23,JJ_YELLOW_6,炫彩鸭吉吉手工涂装创意摆件 黄色原皮，6cm x 6cm x 8cm,黄色原皮，6cm x 6cm x 8cm,1,28.88,,预售订单,false,false,订单状态=已完成
2026-06-08,XHS0608-132,P792...5181,132,2026-04-29 11:20:20,2026-05-06 11:20:20,2026-05-04 23:58:39,DH_HAT_15_NO_EGG,炫彩大耳帽兜桌面摆件 15cm高（不包含蛋）,15cm高（不包含蛋）,1,15.88,,预售订单,false,false,订单状态=已完成
2026-06-08,XHS0608-133,P794...3011,133,2026-05-11 22:27:14,2026-05-18 22:27:14,2026-05-14 19:05:54,JJ_BLACK_8,炫彩鸭吉吉手工涂装创意摆件 黑色炫彩，8cm x 8cm x 10cm,黑色炫彩，8cm x 8cm x 10cm,1,42.76,,预售订单,false,false,订单状态=已完成
2026-06-08,XHS0608-134,P793...5861,134,2026-05-01 00:53:35,2026-05-08 00:53:35,2026-05-07 09:18:29,JJ_BLACK_12,炫彩鸭吉吉手工涂装创意摆件 黑色炫彩，12cm x 12cm x 15cm,黑色炫彩，12cm x 12cm x 15cm,1,62.76,,预售订单,false,false,订单状态=已完成
2026-06-08,XHS0608-135,P792...0441,135,2026-04-21 12:11:58,2026-04-28 12:11:58,2026-04-29 05:08:01,JJ_BLACK_8,炫彩鸭吉吉手工涂装创意摆件 黑色炫彩，8cm x 8cm x 10cm,黑色炫彩，8cm x 8cm x 10cm,1,38.88,,预售订单,false,false,订单状态=已完成
2026-06-08,XHS0608-136,P792...0441,136,2026-04-21 12:11:58,2026-04-28 12:11:58,2026-04-27 11:07:57,JJ_PINK_8,炫彩鸭吉吉手工涂装创意摆件 粉色炫彩，8cm x 8cm x 10cm,粉色炫彩，8cm x 8cm x 10cm,1,38.88,,预售订单,false,false,订单状态=已完成
2026-06-08,XHS0608-137,P792...8541,137,2026-04-21 19:20:59,2026-04-28 19:20:59,2026-04-28 17:49:52,JJ_BLACK_12,炫彩鸭吉吉手工涂装创意摆件 黑色炫彩，12cm x 12cm x 15cm,黑色炫彩，12cm x 12cm x 15cm,1,58.88,,预售订单,false,false,订单状态=已完成
2026-06-08,XHS0608-138,P794...1451,138,2026-05-14 23:30:40,2026-05-21 23:30:40,2026-05-16 21:26:34,EMD_FIGURE_KEY_BLACK,3D打印手工涂装手搓恶魔叮彩色小摆件钥匙扣 黑色,黑色,1,24.10,,预售订单,false,false,订单状态=已完成
2026-06-08,XHS0608-139,P794...7711,139,2026-05-13 08:57:25,2026-05-20 08:57:25,2026-05-15 14:40:49,JJ_YELLOW_6,炫彩鸭喆手工涂装创意摆件 黄色原皮，6cm x 6cm x 8cm,黄色原皮，6cm x 6cm x 8cm,1,30.76,,催发货|预售订单,false,false,订单状态=已完成
2026-06-08,XHS0608-140,P793...8681,140,2026-05-03 01:26:41,2026-05-10 01:26:41,2026-05-08 14:42:39,DH_HAT_10_NO_EGG,炫彩大耳帽兜桌面摆件 10cm（不包含蛋）,10cm（不包含蛋）,1,19.76,,预售订单,false,false,订单状态=已完成
2026-06-08,XHS0608-141,P792...0981,141,2026-04-22 10:13:52,2026-04-29 10:13:52,2026-04-28 17:50:08,JJ_YELLOW_6,炫彩鸭吉吉手工涂装创意摆件 黄色原皮，6cm x 6cm x 8cm,黄色原皮，6cm x 6cm x 8cm,1,28.88,,催发货|预售订单,false,false,订单状态=已完成
2026-06-08,XHS0608-142,P792...5871,142,2026-04-26 17:32:49,2026-05-14 23:59:59,2026-05-05 02:11:50,DH_HAT_15_EGG,炫彩大耳帽兜桌面摆件 15cm高（包含蛋）,15cm高（包含蛋）,1,18.88,,协商发货|预售订单,false,false,订单状态=已完成
2026-06-08,XHS0608-143,P794...0911,143,2026-05-15 00:15:45,,,DH_HAT_10_NO_EGG,炫彩大耳帽兜桌面摆件 10cm（不包含蛋）,10cm（不包含蛋）,1,0.00,,预售订单,false,false,订单状态=已取消
2026-06-08,XHS0608-144,P792...1201,144,2026-04-26 16:40:23,2026-05-03 16:40:23,2026-05-03 20:11:53,JJ_PINK_8,炫彩鸭吉吉手工涂装创意摆件 粉色炫彩，8cm x 8cm x 10cm,粉色炫彩，8cm x 8cm x 10cm,1,38.88,,预售订单,false,false,订单状态=已完成
2026-06-08,XHS0608-145,P794...3711,145,2026-05-14 09:06:33,2026-05-21 09:06:33,2026-05-19 14:54:09,EMWOLF_PURPLE_16,炫彩恶魔狼桌面摆件 紫色炫彩，7cm*20cm*16cm,紫色炫彩，7cm*20cm*16cm,1,90.76,,预售订单,false,false,订单状态=已完成
2026-06-08,XHS0608-146,P793...7991,146,2026-04-30 10:48:32,2026-05-07 10:48:32,2026-05-07 09:15:45,DH_HAT_10_EGG,炫彩大耳帽兜桌面摆件 10cm（包含蛋）,10cm（包含蛋）,1,18.88,,预售订单,false,false,订单状态=已完成
2026-06-08,XHS0608-147,P794...9131,147,2026-05-18 21:48:00,2026-05-20 21:48:00,2026-05-20 18:07:46,RX_WHITE_15,绒仙子白模打印白模 白模，12cm*8cm*15cm高,白模，12cm*8cm*15cm高,1,18.68,,现货订单,false,false,订单状态=已完成
2026-06-08,XHS0608-148,P793...8481,148,2026-05-08 19:41:41,2026-05-15 19:41:41,2026-05-12 21:49:35,JJ_GREEN_8,炫彩鸭吉吉手工涂装创意摆件 青色炫彩，8cm x 8cm x 10cm,青色炫彩，8cm x 8cm x 10cm,1,40.76,,预售订单,false,false,订单状态=已完成
2026-06-08,XHS0608-149,P793...5611,149,2026-05-10 19:31:40,2026-05-17 19:31:40,2026-05-12 21:51:27,JJ_BLACK_8,炫彩鸭吉吉手工涂装创意摆件 黑色炫彩，8cm x 8cm x 10cm,黑色炫彩，8cm x 8cm x 10cm,1,40.76,,预售订单,false,false,订单状态=已完成
2026-06-08,XHS0608-150,P792...3591,150,2026-04-21 01:26:41,2026-04-28 01:26:41,2026-04-27 23:24:06,JJ_YELLOW_6,炫彩鸭吉吉手工涂装创意摆件 黄色原皮，6cm x 6cm x 8cm,黄色原皮，6cm x 6cm x 8cm,1,28.88,,预售订单,false,false,订单状态=已完成
2026-06-08,XHS0608-151,P793...8411,151,2026-04-29 17:36:20,2026-05-06 17:36:20,2026-05-06 02:31:19,DH_HAT_15_EGG,炫彩大耳帽兜桌面摆件 15cm高（包含蛋）,15cm高（包含蛋）,1,18.88,,预售订单,false,false,订单状态=已完成
2026-06-08,XHS0608-152,P794...0841,152,2026-05-14 23:27:54,2026-05-21 23:27:54,2026-05-16 21:28:39,JJ_YELLOW_12,炫彩鸭喆手工涂装创意摆件 黄色原皮，12cm x 12cm x 15cm,黄色原皮，12cm x 12cm x 15cm,1,50.76,,预售订单,false,false,订单状态=已完成
2026-06-08,XHS0608-153,P794...2231,153,2026-05-18 16:55:25,2026-05-20 16:55:25,2026-05-19 16:27:07,RX_WHITE_15,绒仙子白模打印白模 白模，12cm*8cm*15cm高,白模，12cm*8cm*15cm高,1,18.68,,现货订单,false,false,订单状态=已完成
2026-06-08,XHS0608-154,P794...7011,154,2026-05-16 14:13:52,2026-05-23 14:13:52,2026-05-22 21:02:26,CDFR_10,翠腚夫人桌面摆件 7cm*7cm*10cm,7cm*7cm*10cm,1,40.76,,预售订单,false,false,订单状态=已完成
2026-06-08,XHS0608-155,P794...5041,155,2026-05-19 02:46:58,2026-05-21 02:46:58,2026-05-20 18:52:55,RX_WHITE_15,绒仙子白模打印白模 白模，12cm*8cm*15cm高,白模，12cm*8cm*15cm高,1,17.24,,现货订单,false,false,订单状态=已完成
2026-06-08,XHS0608-156,P794...5041,156,2026-05-19 02:46:58,2026-05-21 02:46:58,2026-05-20 18:52:55,RX_WHITE_10,绒仙子白模打印白模 白模，8cm*5cm*10cm高,白模，8cm*5cm*10cm高,1,10.24,,现货订单,false,false,订单状态=已完成
2026-06-08,XHS0608-157,P792...1851,157,2026-04-21 11:23:54,,,JJ_BLACK_12,炫彩鸭吉吉手工涂装创意摆件 黑色炫彩，12cm x 12cm x 15cm,黑色炫彩，12cm x 12cm x 15cm,1,0.00,,预售订单,false,false,订单状态=已取消
2026-06-08,XHS0608-158,P792...0331,158,2026-04-21 14:45:08,2026-04-28 14:45:08,2026-04-27 11:10:22,JJ_PINK_8,炫彩鸭吉吉手工涂装创意摆件 粉色炫彩，8cm x 8cm x 10cm,粉色炫彩，8cm x 8cm x 10cm,1,38.88,,预售订单,false,false,订单状态=已完成
2026-06-08,XHS0608-159,P793...6271,159,2026-05-09 03:25:38,2026-05-16 03:25:38,2026-05-14 19:02:02,EMD_KEY_BLACK,恶魔叮彩色编织绳钥匙扣 黑色,黑色,1,20.76,,预售订单,false,false,订单状态=已完成
2026-06-08,XHS0608-160,P794...1421,160,2026-05-15 12:28:11,2026-05-22 12:28:11,2026-05-17 16:42:00,DH_HAT_10_EGG,炫彩大耳帽兜桌面摆件 10cm（包含蛋）,10cm（包含蛋）,1,27.76,,预售订单,false,false,订单状态=已完成
2026-06-08,XHS0608-161,P792...9691,161,2026-04-28 08:26:18,2026-05-05 08:26:18,2026-05-04 23:27:43,JJ_BLUE_8,炫彩鸭吉吉手工涂装创意摆件 鸭蓝蓝，8cm x 8cm x 10cm,鸭蓝蓝，8cm x 8cm x 10cm,1,38.88,,预售订单,false,false,订单状态=已完成
2026-06-08,XHS0608-162,P792...0431,162,2026-04-21 17:26:45,2026-04-28 17:26:45,2026-04-24 21:33:11,JJ_YELLOW_6,炫彩鸭吉吉手工涂装创意摆件 黄色原皮，6cm x 6cm x 8cm,黄色原皮，6cm x 6cm x 8cm,1,28.88,,预售订单,false,false,订单状态=已完成
2026-06-08,XHS0608-163,P794...0711,163,2026-05-15 00:16:29,2026-05-22 00:16:29,,DH_HAT_10_EGG,炫彩大耳帽兜桌面摆件 10cm（包含蛋）,10cm（包含蛋）,1,27.76,,催发货|预售订单,false,false,订单状态=已取消
2026-06-08,XHS0608-164,P792...7171,164,2026-04-21 17:09:08,2026-04-28 17:09:08,,JJ_YELLOW_6,炫彩鸭吉吉手工涂装创意摆件 黄色原皮，6cm x 6cm x 8cm,黄色原皮，6cm x 6cm x 8cm,1,28.88,,预售订单,false,false,订单状态=已取消
2026-06-08,XHS0608-165,P793...0392,165,2026-05-10 16:31:20,2026-05-17 16:31:20,2026-05-12 21:50:35,JJ_GREEN_12,炫彩鸭吉吉手工涂装创意摆件 青色炫彩，12cm x 12cm x 15cm,青色炫彩，12cm x 12cm x 15cm,1,60.76,,预售订单,false,false,订单状态=已完成
2026-06-08,XHS0608-166,P792...2831,166,2026-04-25 16:49:05,2026-05-02 16:49:05,2026-04-27 10:25:07,JJ_PINK_12,炫彩鸭吉吉手工涂装创意摆件 粉色炫彩，12cm x 12cm x 15cm,粉色炫彩，12cm x 12cm x 15cm,1,58.88,,预售订单,false,false,订单状态=已完成
2026-06-08,XHS0608-167,P794...7631,167,2026-05-18 13:44:02,2026-05-25 13:44:02,2026-05-26 13:07:15,CDFR_10,翠腚夫人桌面摆件 7cm*7cm*10cm,7cm*7cm*10cm,1,40.76,,预售订单,false,false,订单状态=已完成
2026-06-08,XHS0608-168,P792...9471,168,2026-04-21 14:59:36,2026-04-28 14:59:36,2026-04-28 14:01:39,JJ_PINK_8,炫彩鸭吉吉手工涂装创意摆件 粉色炫彩，8cm x 8cm x 10cm,粉色炫彩，8cm x 8cm x 10cm,2,77.76,,预售订单,false,false,订单状态=已完成
2026-06-08,XHS0608-169,P792...0391,169,2026-04-21 00:39:00,2026-04-28 00:39:00,2026-04-27 10:29:06,JJ_PINK_8,炫彩鸭吉吉手工涂装创意摆件 粉色炫彩，8cm x 8cm x 10cm,粉色炫彩，8cm x 8cm x 10cm,1,38.88,,预售订单,false,false,订单状态=已完成
2026-06-08,XHS0608-170,P793...7791,170,2026-04-30 10:49:50,2026-05-07 10:49:50,2026-05-07 09:15:45,JJ_BLACK_8,炫彩鸭吉吉手工涂装创意摆件 黑色炫彩，8cm x 8cm x 10cm,黑色炫彩，8cm x 8cm x 10cm,1,38.88,,预售订单,false,false,订单状态=已完成
2026-06-08,XHS0608-171,P793...0241,171,2026-05-06 14:43:10,2026-05-13 14:43:10,2026-05-12 21:02:48,JJ_BLACK_8,炫彩鸭吉吉手工涂装创意摆件 黑色炫彩，8cm x 8cm x 10cm,黑色炫彩，8cm x 8cm x 10cm,1,42.76,,预售订单,false,false,订单状态=已完成
2026-06-08,XHS0608-172,P793...7281,172,2026-04-30 17:21:13,2026-05-07 17:21:13,2026-05-07 11:04:43,DH_HAT_10_NO_EGG,炫彩大耳帽兜桌面摆件 10cm（不包含蛋）,10cm（不包含蛋）,1,19.76,,预售订单,false,false,订单状态=已完成
2026-06-08,XHS0608-173,P794...0671,173,2026-05-19 00:54:18,2026-05-21 00:54:18,2026-05-20 18:26:18,RX_WHITE_10,绒仙子白模打印白模 白模，8cm*5cm*10cm高,白模，8cm*5cm*10cm高,1,12.68,,现货订单,false,false,订单状态=已完成
2026-06-08,XHS0608-174,P794...3371,174,2026-05-11 22:25:18,2026-05-18 22:25:18,2026-05-14 19:05:54,JJ_YELLOW_6,炫彩鸭吉吉手工涂装创意摆件 黄色原皮，6cm x 6cm x 8cm,黄色原皮，6cm x 6cm x 8cm,1,30.76,,预售订单,false,false,订单状态=已完成
2026-06-08,XHS0608-175,P792...6891,175,2026-04-22 01:36:40,2026-04-29 01:36:40,,JJ_PINK_8,炫彩鸭吉吉手工涂装创意摆件 粉色炫彩，8cm x 8cm x 10cm,粉色炫彩，8cm x 8cm x 10cm,1,38.88,,预售订单,false,false,订单状态=已取消
2026-06-08,XHS0608-176,P794...3641,176,2026-05-19 08:24:26,2026-05-21 08:24:26,2026-05-20 18:52:23,RX_WHITE_10,绒仙子白模打印白模 白模，8cm*5cm*10cm高,白模，8cm*5cm*10cm高,1,12.68,,现货订单,false,false,订单状态=已完成
2026-06-08,XHS0608-177,P794...5811,177,2026-05-19 11:04:38,2026-05-26 11:04:38,2026-05-21 13:22:44,RX_WHITE_10,绒仙子白模打印白模 白模，8cm*5cm*10cm高,白模，8cm*5cm*10cm高,1,12.68,,预售订单,false,false,订单状态=已完成
2026-06-08,XHS0608-178,P793...9791,178,2026-05-09 00:53:16,2026-05-16 00:53:16,2026-05-15 02:41:12,EMWOLF_10,炫彩恶魔狼桌面摆件 4cm*12cm*10cm(前10位可拍）,4cm*12cm*10cm(前10位可拍）,1,50.76,,已改地址|预售订单,false,false,订单状态=已完成
2026-06-08,XHS0608-179,P793...6381,179,2026-04-29 19:22:42,2026-05-06 19:22:42,2026-05-06 02:11:24,JJ_PINK_8,炫彩鸭吉吉手工涂装创意摆件 粉色炫彩，8cm x 8cm x 10cm,粉色炫彩，8cm x 8cm x 10cm,1,38.88,,预售订单,false,false,订单状态=已完成
2026-06-08,XHS0608-180,P794...3591,180,2026-05-18 20:56:35,2026-05-20 20:56:35,2026-05-19 16:28:20,RX_WHITE_15,绒仙子白模打印白模 白模，12cm*8cm*15cm高,白模，12cm*8cm*15cm高,1,18.68,,现货订单,false,false,订单状态=已完成
2026-06-08,XHS0608-181,P794...5361,181,2026-05-18 18:06:25,2026-05-20 18:06:25,2026-05-19 16:27:45,RX_WHITE_15,绒仙子白模打印白模 白模，12cm*8cm*15cm高,白模，12cm*8cm*15cm高,1,18.68,,现货订单,false,false,订单状态=已完成
2026-06-08,XHS0608-182,P792...2231,182,2026-04-21 11:50:53,2026-04-28 11:50:53,2026-04-27 11:05:46,JJ_PINK_8,炫彩鸭吉吉手工涂装创意摆件 粉色炫彩，8cm x 8cm x 10cm,粉色炫彩，8cm x 8cm x 10cm,1,38.88,,预售订单,false,false,订单状态=已完成
2026-06-08,XHS0608-183,P794...4351,183,2026-05-19 07:43:35,,,RX_WHITE_10,绒仙子白模打印白模 白模，8cm*5cm*10cm高,白模，8cm*5cm*10cm高,1,0.00,,现货订单,false,false,订单状态=已取消
2026-06-08,XHS0608-184,P792...0511,184,2026-04-24 16:55:51,2026-05-01 16:55:51,2026-04-27 14:42:57,JJ_YELLOW_12,炫彩鸭吉吉手工涂装创意摆件 黄色原皮，12cm x 12cm x 15cm,黄色原皮，12cm x 12cm x 15cm,1,48.88,,预售订单,false,false,订单状态=已完成
2026-06-08,XHS0608-185,P792...6751,185,2026-04-29 10:50:58,2026-05-06 10:50:58,2026-05-04 23:56:44,DH_HAT_15_EGG,炫彩大耳帽兜桌面摆件 15cm高（包含蛋）,15cm高（包含蛋）,1,18.88,,预售订单,false,false,订单状态=已完成
2026-06-08,XHS0608-186,P792...8911,186,2026-04-25 23:20:52,2026-05-15 23:59:59,2026-05-12 20:01:44,JJ_BLACK_8,炫彩鸭吉吉手工涂装创意摆件 黑色炫彩，8cm x 8cm x 10cm,黑色炫彩，8cm x 8cm x 10cm,2,77.76,,协商发货|已改地址|预售订单,false,false,订单状态=已完成
2026-06-08,XHS0608-187,P794...9431,187,2026-05-19 10:41:42,2026-05-26 10:41:42,2026-05-20 18:10:53,RX_WHITE_15,绒仙子白模打印白模 白模，12cm*8cm*15cm高,白模，12cm*8cm*15cm高,1,18.68,,预售订单,false,false,订单状态=已完成
2026-06-08,XHS0608-188,P794...2421,188,2026-05-19 11:18:53,2026-05-26 11:18:53,2026-05-21 13:23:12,RX_WHITE_10,绒仙子白模打印白模 白模，8cm*5cm*10cm高,白模，8cm*5cm*10cm高,1,12.68,,预售订单,false,false,订单状态=已完成
2026-06-08,XHS0608-189,P793...8271,189,2026-04-29 17:33:03,2026-05-06 17:33:03,2026-05-06 14:47:44,JJ_GREEN_12,炫彩鸭吉吉手工涂装创意摆件 绿色炫彩，12cm x 12cm x 15cm,绿色炫彩，12cm x 12cm x 15cm,1,58.88,,预售订单,false,false,订单状态=已完成
2026-06-08,XHS0608-190,P792...1951,190,2026-04-22 20:19:25,2026-05-05 23:59:59,2026-05-03 22:55:17,JJ_PINK_8,炫彩鸭吉吉手工涂装创意摆件 粉色炫彩，8cm x 8cm x 10cm,粉色炫彩，8cm x 8cm x 10cm,1,38.88,,协商发货|预售订单,false,false,订单状态=已完成
2026-06-08,XHS0608-191,P793...4961,191,2026-04-29 16:19:20,2026-05-06 16:19:20,2026-05-06 06:57:31,DH_HAT_15_NO_EGG,炫彩大耳帽兜桌面摆件 15cm高（不包含蛋）,15cm高（不包含蛋）,1,15.88,,预售订单,false,false,订单状态=已完成
2026-06-08,XHS0608-192,P792...1991,192,2026-04-21 11:24:36,2026-04-28 11:24:36,,JJ_BLACK_12,炫彩鸭吉吉手工涂装创意摆件 黑色炫彩，12cm x 12cm x 15cm,黑色炫彩，12cm x 12cm x 15cm,1,58.88,,预售订单,false,false,订单状态=已取消
2026-06-08,XHS0608-193,P793...2721,193,2026-05-10 23:44:13,2026-05-17 23:44:13,2026-05-12 21:52:43,JJ_YELLOW_6,炫彩鸭吉吉手工涂装创意摆件 黄色原皮，6cm x 6cm x 8cm,黄色原皮，6cm x 6cm x 8cm,1,30.76,,预售订单,false,false,订单状态=已完成
2026-06-08,XHS0608-194,P792...3011,194,2026-04-21 11:12:41,2026-04-28 11:12:41,,JJ_YELLOW_6,炫彩鸭吉吉手工涂装创意摆件 黄色原皮，6cm x 6cm x 8cm,黄色原皮，6cm x 6cm x 8cm,1,28.88,,预售订单,false,false,订单状态=已取消
2026-06-08,XHS0608-195,P793...6911,195,2026-05-11 01:14:23,2026-05-18 01:14:23,2026-05-14 19:02:55,DH_HAT_10_EGG,炫彩大耳帽兜桌面摆件 10cm（包含蛋）,10cm（包含蛋）,1,27.76,,预售订单,false,false,订单状态=已完成
2026-06-08,XHS0608-196,P793...5131,196,2026-05-08 18:34:29,2026-05-15 18:34:29,2026-05-12 21:48:49,EMWOLF_10,炫彩恶魔狼桌面摆件 4cm*12cm*10cm(前10位可拍）,4cm*12cm*10cm(前10位可拍）,1,52.76,,已改地址|无物流发货|预售订单,false,false,订单状态=已完成
2026-06-08,XHS0608-197,P793...2631,197,2026-05-07 12:53:21,2026-05-14 12:53:21,,DH_HAT_10_EGG,炫彩大耳帽兜桌面摆件 10cm（包含蛋）,10cm（包含蛋）,1,22.76,,预售订单,false,false,订单状态=已取消
2026-06-08,XHS0608-198,P794...4211,198,2026-05-16 21:34:39,2026-05-23 21:34:39,2026-05-18 12:01:43,DH_HAT_EGG_6,炫彩大耳帽兜桌面摆件 6cm，只有蛋,6cm，只有蛋,1,10.76,,预售订单,false,false,订单状态=已完成
2026-06-08,XHS0608-199,P794...0711,199,2026-05-19 11:16:14,2026-05-26 11:16:14,2026-05-20 18:11:26,RX_WHITE_15,绒仙子白模打印白模 白模，12cm*8cm*15cm高,白模，12cm*8cm*15cm高,1,18.68,,预售订单,false,false,订单状态=已完成
2026-06-08,XHS0608-200,P794...9941,200,2026-05-19 01:11:53,2026-05-21 01:11:53,2026-05-20 18:53:22,RX_WHITE_10,绒仙子白模打印白模 白模，8cm*5cm*10cm高,白模，8cm*5cm*10cm高,1,12.68,,现货订单,false,false,订单状态=已完成
2026-06-08,XHS0608-201,P794...0471,201,2026-05-19 10:12:09,2026-05-21 10:12:09,2026-05-20 18:51:33,RX_WHITE_10,绒仙子白模打印白模 白模，8cm*5cm*10cm高,白模，8cm*5cm*10cm高，白模，8cm*5cm*10cm高,3,30.28,,现货订单,false,false,订单状态=已完成
2026-06-08,XHS0608-202,P792...5831,202,2026-04-21 17:14:51,2026-04-28 17:14:51,2026-04-28 16:21:12,JJ_PINK_8,炫彩鸭吉吉手工涂装创意摆件 粉色炫彩，8cm x 8cm x 10cm,粉色炫彩，8cm x 8cm x 10cm,1,38.88,,预售订单,false,false,订单状态=已完成
2026-06-08,XHS0608-203,P794...0341,203,2026-05-14 22:11:40,2026-05-21 22:11:40,2026-05-21 18:09:22,CDFR_15,翠腚夫人桌面摆件 10cm*10cm*15cm,10cm*10cm*15cm,1,70.76,,预售订单,false,false,订单状态=已完成
2026-06-08,XHS0608-204,P794...6841,204,2026-05-11 11:37:34,2026-05-18 11:37:34,2026-05-14 19:03:54,DH_HAT_10_EGG,炫彩大耳帽兜桌面摆件 10cm（包含蛋）,10cm（包含蛋）,1,27.76,,预售订单,false,false,订单状态=已完成
2026-06-08,XHS0608-205,P792...2281,205,2026-04-18 21:46:05,2026-04-20 21:46:05,2026-04-24 21:26:46,JJ_PINK_8,炫彩鸭吉吉手工涂装创意摆件 粉色炫彩，8cm x 8cm x 10cm,粉色炫彩，8cm x 8cm x 10cm 48小时发货,1,38.88,,缺货|现货订单,true,false,订单状态=已完成
2026-06-08,XHS0608-206,P792...3911,206,2026-04-19 07:43:33,2026-04-26 07:43:33,,JJ_BLACK_8,炫彩鸭吉吉手工涂装创意摆件 黑色炫彩，8cm x 8cm x 10cm,黑色炫彩，8cm x 8cm x 10cm,1,38.88,,预售订单,false,false,订单状态=已取消
2026-06-08,XHS0608-207,P792...8051,207,2026-04-18 17:31:57,2026-04-20 17:31:57,2026-04-21 16:02:38,JJ_COLOR_PENDING_8,炫彩鸭吉吉手工涂装创意摆件 8cm x 8cm x 10cm,8cm x 8cm x 10cm 48小时发货,1,38.88,,物流异常|现货订单,false,false,订单状态=已完成
2026-06-08,XHS0608-208,P792...1621,208,2026-04-19 01:49:06,2026-04-21 01:49:06,2026-04-22 07:02:52,JJ_PINK_8,炫彩鸭吉吉手工涂装创意摆件 粉色炫彩，8cm x 8cm x 10cm,粉色炫彩，8cm x 8cm x 10cm 48小时发货,1,38.88,,催发货|现货订单,false,false,订单状态=已完成
2026-06-08,XHS0608-209,P792...4761,209,2026-04-18 14:27:03,2026-04-20 14:27:03,2026-04-22 06:15:09,JJ_COLOR_PENDING_8,炫彩鸭吉吉手工涂装创意摆件 8cm x 8cm x 10cm,8cm x 8cm x 10cm 48小时发货,1,38.88,,催发货|现货订单,false,false,订单状态=已完成
2026-06-08,XHS0608-210,P792...6081,210,2026-04-18 20:47:53,2026-04-20 20:47:53,2026-04-21 16:04:30,JJ_PINK_8,炫彩鸭吉吉手工涂装创意摆件 粉色炫彩，8cm x 8cm x 10cm,粉色炫彩，8cm x 8cm x 10cm 48小时发货,1,38.88,,现货订单,false,false,订单状态=已完成
2026-06-08,XHS0608-211,P792...5431,211,2026-04-19 09:49:34,,,JJ_YELLOW_6,炫彩鸭吉吉手工涂装创意摆件 黄色原皮，6cm x 6cm x 8cm,黄色原皮，6cm x 6cm x 8cm,1,0.00,,预售订单,false,false,订单状态=已取消
2026-06-08,XHS0608-212,P792...0381,212,2026-04-19 17:19:07,2026-04-26 17:19:07,2026-04-26 14:06:27,JJ_PINK_12,炫彩鸭吉吉手工涂装创意摆件 粉色炫彩，12cm x 12cm x 15cm,粉色炫彩，12cm x 12cm x 15cm,1,58.88,,预售订单,false,false,订单状态=已完成
2026-06-08,XHS0608-213,P792...7541,213,2026-04-19 09:24:54,2026-04-26 09:24:54,2026-04-24 21:29:18,JJ_BLACK_12,炫彩鸭吉吉手工涂装创意摆件 黑色炫彩，12cm x 12cm x 15cm,黑色炫彩，12cm x 12cm x 15cm,1,58.88,,预售订单,false,false,订单状态=已完成
2026-06-08,XHS0608-214,P792...0331,214,2026-04-18 20:52:23,2026-04-20 20:52:23,2026-04-24 21:23:32,JJ_PINK_12,炫彩鸭吉吉手工涂装创意摆件 粉色炫彩，12cm x 12cm x 15cm,粉色炫彩，12cm x 12cm x 15cm 48小时发货,1,58.88,,缺货|现货订单,true,false,订单状态=已完成
